ID,Name,Cuisine,Delivery_rating,Dining_rating,Overall_rating,Area,Offer,Votes,Featured
19868137,Backstreet Brewery,"Italian, Bar Food, Pizza, North Indian",3.6,4.2,3.9,"Sarjapur Road, Bangalore",Pro - Get 20% off,549,Featured
18713342,One For The Road,"Continental, North Indian",4.1,4.4,4.3,"Elements Mall, Nagawara, Bangalore",Pro - Get 25% off,"3,037",Featured
18709627,Simon Says Brew Works,"Finger Food, Continental, American, Pizza",,4.3,4.3,"Koramangala 5th Block, Bangalore",Pro - Get 15% off,"4,490",Featured
18871082,Orbis Restaurant,"Mughlai, Biryani, North Indian, Arabian, Chinese, Beverages, Desserts",3.5,3.4,3.5,"Brookefield, Bangalore",Pro - Get 20% off,21.2K,NO
19278899,Karnatic,"Kerala, Andhra, Biryani, Chettinad, Konkan, Mangalorean",4.0,3.9,4.0,"JP Nagar, Bangalore",,352,NO
20143777,Ambur Star Briyani Since 1890,"Biryani, Andhra, Chinese, Beverages",Newly Opened,Newly Opened,4.2,"Kammanahalli, Bangalore",,161,NO
19870674,Habibi Falafel ,"Arabian, Beverages, Fast Food",4.2,3.7,4.0,"JP Nagar, Bangalore",,289,NO
20149515,La Pino'z Pizza,"Pizza, Fast Food",4.0,3.7,3.9,"Jayanagar, Bangalore",,111,NO
20136624,Casa Fresco by Tea Brew,"Cafe, Continental, Italian, American, Momos, Burger, Beverages",Newly Opened,Newly Opened,3.8,"HSR, Bangalore",,45,NO
18995973,Jagannath Food Corner,"North Indian, Fast Food",3.7,3.9,3.8,"BTM, Bangalore",,"6,786",NO
19154444,Shawarma Grill House,"Chinese, Biryani, Mughlai, North Indian, Shake",4.1,3.7,3.9,"Rajajinagar, Bangalore",,"3,222",NO
18641152,Tapri By The Corner,"North Indian, Chinese",3.9,4.0,4.0,"Koramangala 5th Block, Bangalore",,"2,953",NO
20163010,Street 1522,"Continental, Asian, Street Food, Mughlai, Burger, North Indian",Newly Opened,Newly Opened,4.0,"Sarjapur Road, Bangalore",,94,NO
18577169,Shaken & Stirred,"Continental, North Indian, Chinese, Seafood, Desserts, Beverages",4.0,4.0,4.0,"Race Course Road, Bangalore",Pro - Get 25% off,263,NO
51441,Coconut Grove,"South Indian, Chettinad, Kerala, Seafood, Finger Food",3.1,3.9,3.5,"Church Street, Bangalore",,771,NO
20166164,Gatsby,"Bar Food, Italian, Continental, Pizza, Desserts, North Indian, Asian, Chinese",Newly Opened,Newly Opened,3.9,"Bannerghatta Road, Bangalore",,141,NO
18280596,Tipsy Bull - The Bar Exchange,"North Indian, Chinese, Continental, Mexican",3.8,4.3,4.1,"Bellandur, Bangalore",,"3,307",NO
18658794,Salut,"Continental, Finger Food, Seafood, Pizza, Chinese",3.2,4.0,3.6,"Jayanagar, Bangalore",Pro - Get 20% off,859,NO
19230143,Casa Piccosa,"North Indian, Italian, Chinese, Desserts",,3.6,3.6,"Bommasandra, Bangalore",,156,NO
18620895,Gilly's Restobar,"Continental, North Indian, Chinese, Salad, Fast Food, Pizza, Italian",4.0,4.4,4.2,"Electronic City, Bangalore",Pro - Get 20% off,"3,257",NO
19895635,Bhola & Blonde,"Modern Indian, North Indian, Lucknowi",,4.0,4.0,"Indiranagar, Bangalore",Pro - Get 20% off,147,NO
20013654,Khanna's,North Indian,4.1,3.9,4.0,"Sarjapur Road, Bangalore",,155,NO
20100878,Flavoured,"Chinese, North Indian, Seafood, Mughlai",4.0,,4.0,"Kammanahalli, Bangalore",,64,NO
19332749,Cafe Rome,"Beverages, Fast Food, Desserts",4.2,4.1,4.2,"Sahakara Nagar, Bangalore",,298,NO
18862816,Hotel Prashanth,"Mughlai, Biryani, South Indian",3.9,3.6,3.8,"Nagarbhavi, Bangalore",,"5,284",NO
18590970,California Burrito,"Mexican, Fast Food, Beverages, Desserts",4.2,4.2,4.2,"HSR, Bangalore",Pro - Get 20% off,"9,578",NO
53966,Chili's American Grill & Bar,"American, Mexican, Burger, Tex-Mex, Desserts, Beverages",3.9,4.4,4.2,"Orion Mall, Malleshwaram, Bangalore",Pro - Get 15% off,"9,270",NO
56028,Momoz,"Chinese, Momos, Seafood, Thai",3.9,4.1,4.0,"BTM, Bangalore",Pro - Get 25% off,26.9K,NO
19704534,Paratha Envy,North Indian,4.4,3.4,3.9,"Koramangala 5th Block, Bangalore",,"1,217",NO
19441869,SLAY Coffee Bar,"Beverages, Coffee, Bakery",4.4,4.0,4.2,"HSR, Bangalore",,"1,401",NO
18534914,Wrappers,Rolls,3.9,3.4,3.7,"Howrah Maidan Area, Howrah",,18.8K,NO
20167962,Chowman,"Chinese, Seafood, Thai",Newly Opened,Newly Opened,3.8,"Kalyani, Kolkata",Pro - Get 15% off,403,NO
19629041,Kaaram-The Andhra Kitchen,"Biryani, Andhra",4.3,3.8,4.1,"Park Street Area, Kolkata",,340,NO
20035814,La Pino'z Pizza,"Pizza, Fast Food, Beverages",3.9,3.6,3.8,"Alipore, Kolkata",,10,NO
20274,Jalapenos,"Italian, Mexican, Continental, Salad",3.9,4.2,4.1,"Camac Street Area, Kolkata",,"2,752",NO
18288868,Hotel Sidheshwari Ashram,"Bengali, North Indian, Mughlai",4.3,4.1,4.2,"New Market Area, Kolkata",,389,NO
20079061,Ananda Hotel & Restaurant,Bengali,4.3,,4.3,"Kaikhali, Kolkata",,106,NO
20183726,Dunkel Braun,"Cafe, Fast Food, Continental, Beverages",,3.6,3.6,"Sector 1, Salt Lake, Kolkata",,1,NO
18635982,Cj's Küche,"North Indian, Biryani, Kebab",3.7,3.6,3.7,"Chinar Park, Kolkata",,17.2K,NO
19494697,Tandoor Village,"Biryani, North Indian",3.5,,3.5,"Kestopur, Kolkata",,577,NO
19963617,Light Room Bar & Kitchen,"Modern Indian, Continental, Bar Food",,3.5,3.5,"The Myx, Park Street Area, Kolkata",,25,NO
19830002,One8 Commune,"Finger Food, Continental, North Indian, Asian, Beverages",,4.0,4.0,"Park Street Area, Kolkata",,364,NO
19341915,Vertex- Fairfield By Marriott Hotel Kolkata,"Finger Food, North Indian, Continental, Desserts",,3.9,3.9,"New Town, Kolkata",,122,NO
18461746,The Orient,"Asian, Chinese, Oriental, Thai, Seafood, Desserts",3.7,4.3,4.0,"City Centre 1, Sector 1, Salt Lake, Kolkata",Pro - Get 15% off,"2,443",NO
23831,Cafe Mezzuna,"Italian, Pizza, Continental, Desserts, Beverages, Pasta",4.1,4.6,4.4,"Forum Mall, Elgin, Kolkata",Pro - Get 15% off,"5,548",NO
18296336,Pour House,"Continental, Chinese, North Indian, Mughlai",,4.2,4.2,"Sector 5, Salt Lake, Kolkata",Pro - Get 20% off,"1,577",NO
18617771,Hard Rock Cafe,"American, Continental, Fast Food, Beverages",,4.5,4.5,"Park Street Area, Kolkata",Pro - Get 20% off,"3,428",NO
18343730,The Grid,"Continental, Italian, Pizza, North Indian",,4.7,4.7,"Topsia, Kolkata",,"2,953",NO
24286,The Irish House,"Italian, Continental",3.8,4.5,4.2,"Quest Mall, Ballygunge, Kolkata",,"3,949",NO
18361667,Monkey Bar,"Pizza, Burger, Continental, Chinese, Fast Food, Beverages",4.1,4.3,4.2,"Fort Knox, Camac Street Area, Kolkata",,"3,528",NO
19566588,Amour,"North Indian, Chinese, Continental, Desserts, Finger Food, Seafood, Beverages",,3.9,3.9,"Elgin, Kolkata",,104,NO
19563716,Credo Fashion Cafe,"Cafe, Fast Food, Beverages",3.7,3.8,3.8,"New Alipore, Kolkata",,50,NO
19090730,Koley's Kitchen Restaurant,"Chinese, North Indian, Mughlai, Fast Food, Seafood",4.3,3.7,4.0,"Barrackpore, Kolkata",,"5,621",NO
18361653,Chinese Pandit,"Chinese, Momos",3.9,3.3,3.6,"Lake Gardens, Kolkata",,12.2K,NO
20093695,Momo Nation Cafe,"Chinese, Momos",4.0,,4.0,"Dobson Road, Howrah",,67,NO
19545167,99,"Biryani, Chinese, North Indian, Fast Food",4.0,3.7,3.9,"Southern Avenue, Kolkata",,326,NO
18886285,New Noodle King,"Chinese, Seafood",3.8,4.1,4.0,"Park Circus Area, Kolkata",,11.4K,NO
18746590,Blue Poppy-Thakali,"Chinese, Tibetan, Momos",4.1,4.3,4.2,"Camac Street Area, Kolkata",,"3,641",NO
19192581,New Arsalan Biryani Palace,Biryani,3.8,3.5,3.7,"Chinar Park, Kolkata",,"3,581",NO
24297,Raasta Cafe,"North Indian, Fast Food, Sandwich, Pizza, Chinese, Beverages",4.0,4.0,4.0,"Dobson Road, Howrah",,15.5K,NO
19291447,Molecule Air Bar,"North Indian, Asian, Beverages, Italian",,4.5,4.5,"Green Park, New Delhi",Pro - Get 20% off,"1,307",Featured
19556284,Palsang Eatery,"Coffee, Chinese, Fast Food, Italian, Pasta, Beverages",4.3,3.8,4.1,"Shahpur Jat, New Delhi",,163,NO
19036616,Chaayos Chai+Snacks=Relax,"Street Food, Fast Food, Tea, Beverages",4.1,4.0,4.1,"Green Park, New Delhi",,"3,782",NO
20185258,Third Wave Coffee,"Cafe, Beverages, Fast Food, Desserts",4.0,3.6,3.8,"Sector 15, Gurgaon",,11,NO
20184463,Cafe Delhi Heights,"Beverages, Continental, Desserts, Modern Indian, Sandwich",4.0,4.0,4.0,"Netaji Subhash Place, New Delhi",,12,NO
19506127,Bob's Den,"Cafe, Fast Food, Burger, Pizza, Tea, Beverages",4.3,4.0,4.2,"Greater Kailash 1 (GK1), New Delhi",Pro - Get 20% off,335,NO
18421482,Breakfast Hut Amritsari Tandoori Kulche Chole,"North Indian, Street Food",4.0,3.6,3.8,"Krishna Nagar, New Delhi",,10.3K,NO
302427,Mehak Restaurant,"South Indian, North Indian, Chinese",4.0,3.4,3.7,"Shahdara, New Delhi",,952,NO
20023345,The Burger Club,"Burger, Fast Food, Desserts, Beverages",4.0,3.9,4.0,"Signature Global Mall, Ghaziabad",,856,NO
19558924,Studio XO Bar,"North Indian, Chinese, Italian",,3.8,3.8,"Sector 29, Gurgaon",Pro - Get 25% off,147,NO
19848061,Lord Of The Drinks,"Oriental, North Indian, Continental, Beverages",,3.5,3.5,"Preet Vihar, New Delhi",Pro - Get 20% off,84,NO
18767086,The Bar Company,"Chinese, North Indian, Continental, Italian",,4.1,4.1,"Gardens Galleria, Sector 38, Noida",Pro - Get 15% off,520,NO
20061845,Duty Free - Flaunt,"North Indian, Chinese, Continental, Italian, Mexican",,3.9,3.9,"Vegas Mall, Dwarka, New Delhi",Pro - Get 20% off,188,NO
19308422,Lost Lemons,"North Indian, European, Mediterranean",,4.1,4.1,"Sector 29, Gurgaon",Pro - Get 25% off,266,NO
18034050,Elation,"North Indian, European, Italian, Finger Food, Chinese, Pizza, Pasta",,4.1,4.1,"Greater Kailash 1 (GK1), New Delhi",Pro - Get 25% off,797,NO
18281985,Teddy Boy,"Thai, Continental, Mexican, Chinese, Beverages, Desserts",,4.3,4.3,"Connaught Place, New Delhi",Pro - Get 25% off,"5,480",NO
18925817,Key - Hotel Samrat,"Continental, North Indian, Bar Food",,3.7,3.7,"Chanakyapuri, New Delhi",,146,NO
19511785,Infinity Lounge & Bar,"Finger Food, North Indian, Italian, Chinese, Continental",,4.0,4.0,"Punjabi Bagh, New Delhi",Pro - Get 20% off,285,NO
18781332,Underdoggs,"Finger Food, North Indian, Asian, Mexican, Continental",,4.2,4.2,"Worldmark 2, Aerocityt, New Delhi",Pro - Get 20% off,514,NO
18773047,Electro - High Spirit Club,"Continental, Italian, North Indian, Chinese, Beverages",,4.2,4.2,"Rajouri Garden, New Delhi",Pro - Get 50% off,746,NO
19887427,Pizza Galleria,"Pizza, Beverages, Italian, Fast Food",4.2,3.4,3.8,"Nangloi, New Delhi",,704,NO
20101467,Anardana Elevated Dining ,"North Indian, Pizza, Kebab, Chinese, Street Food, Bar Food",,3.8,3.8,"Sangam Courtyard, RK Puram, New Delhi",Pro - Get 20% off,69,NO
18584935,Guru Nanak Rasoi,"North Indian, Rolls",4.0,3.8,3.9,"Dilshad Garden, New Delhi",,11.5K,NO
18608050,Healthy Cravings,"Healthy Food, Fast Food, Wraps, Sandwich, North Indian, Shake, Beverages",4.1,,4.1,"Kalkaji, New Delhi",,"4,481",NO
20015776,tbsp. - Tablespoon,"Cafe, American, Italian, Pizza, Pasta, Desserts, Beverages",,4.0,4.0,"Saket, New Delhi",,105,NO
310228,Chalte Firte Momos & Special Foods,"Momos, Fast Food, Chinese, North Indian, Shake",3.9,3.8,3.9,"Kamla Nagar, New Delhi",,18.7K,NO
18882894,Catalyst Cafe,"Cafe, Healthy Food, Fast Food, Beverages, Salad, Sandwich, Pizza, Burger",3.9,,3.9,"Surya Nagar, Ghaziabad",,823,NO
310078,Burger King,"Fast Food, Desserts, Burger, Beverages, Finger Food",4.2,3.9,4.1,"Select Citywalk Mall, Saket, New Delhi",,12.6K,NO
19630305,Annapurna Bhojnalya,"North Indian, Chinese, Desserts",3.6,3.4,3.5,"Lala Lajpat Rai Marg, New Delhi",,728,NO
19086442,Momo King,"Momos, Chinese",4.0,3.9,4.0,"Malviya Nagar, New Delhi",,"4,214",NO
19174417,The Thickshake Factory,"Beverages, Desserts, Shake",4.2,3.3,3.8,"Basheer Bagh, Hyderabad",Pro - Get 25% off,"3,000",NO
18649671,Fancy Ice Cream,"Desserts, Ice Cream",4.2,2.8,3.5,"Charminar, Hyderabad",,"4,593",NO
19703160,Babai Hotel,"North Indian, Biryani, Andhra",3.9,3.2,3.6,"Moosapet, Hyderabad",,568,NO
20056569,AB's -Absolute Barbecues,"North Indian, Continental, BBQ, Desserts, Beverages",3.8,3.8,3.8,"Kompally, Hyderabad",,262,NO
19202663,Hotel Sri Raghavendra,"South Indian, North Indian, Chinese, Desserts, Beverages",4.1,3.6,3.9,"L B Nagar, Hyderabad",,"3,626",NO
19298656,Spice Leaf Restaurant,"Biryani, North Indian, Chinese, Seafood, Mughlai",4.1,3.8,4.0,"Vanasthalipuram, Hyderabad",,"1,957",NO
20036867,Sri Santosh Family Dhaba,"North Indian, Chinese",3.8,,3.8,"ECIL, Secunderabad",,345,NO
19994935,Let's Eat - Asa Khaiba,"Odia, North Indian, Biryani, Chinese",3.8,3.6,3.7,"Madhapur, Hyderabad",,164,NO
90847,Chili's American Grill & Bar,"American, Mexican, Burger, Tex-Mex",3.8,4.5,4.2,"Inorbit Mall, Hitech City, Hyderabad",Pro - Get 15% off,"9,701",NO
20092590,Shree Santosh Family Dhaba,"North Indian, Chinese, Biryani, Desserts",3.8,3.1,3.5,"S R Nagar, Hyderabad",,303,NO
18758520,Prism Club & Kitchen,"Finger Food, North Indian, Continental, European, Italian, Chinese",,4.2,4.2,"Gandipet, Hyderabad",,988,NO
92577,Heart Cup Coffee,"Continental, North Indian, Mughlai, Asian, Kebab, Coffee, Beverages",4.0,4.4,4.2,"Kondapur, Hyderabad",Pro - Get 30% off,"6,046",NO
18464791,Amnesia Lounge Bar,"Finger Food, American, Italian, North Indian, Modern Indian",,4.1,4.1,"Jubilee Hills, Hyderabad",Pro - Get 15% off,"1,928",NO
18933160,Absorb - The Boutique Bar,"North Indian, Asian, Italian, Fast Food, Beverages",,4.1,4.1,"Jubilee Hills, Hyderabad",Pro - Get 20% off,909,NO
20152679,Prism Brew House,"Chinese, Continental, Finger Food, North Indian",Newly Opened,Newly Opened,3.8,"Gandipet, Hyderabad",Pro - Get 30% off,53,NO
18807262,Broadway,"Continental, North Indian, Chinese, Beverages",4.3,4.3,4.3,"Jubilee Hills, Hyderabad",,"2,303",NO
19979098,Raise The Bar,"Finger Food, Chinese, Mughlai, North Indian, Fast Food, Beverages",,4.0,4.0,"Manikonda, Hyderabad",Pro - Get 20% off,158,NO
18487746,Repete Brewery & Kitchen,"Continental, North Indian, Fast Food, Chinese, Beverages",,4.1,4.1,"Jubilee Hills, Hyderabad",Pro - Get 25% off,"2,680",NO
18571323,Tabula Rasa,"Continental, Cafe, North Indian, Asian",,4.2,4.2,"Jubilee Hills, Hyderabad",,"1,471",NO
19948263,Grease Monkey ,"Bar Food, North Indian, Italian, Fast Food, Chinese, Kebab",,3.9,3.9,"Jubilee Hills, Hyderabad",,172,NO
93000,Sarvi Restaurant,"Biryani, North Indian, Mughlai, Chinese, Hyderabadi",4.0,4.4,4.2,"Banjara Hills, Hyderabad",,"9,935",NO
19499411,Blind Ch3mistry,"Cafe, Italian, Continental, Desserts, Shake",4.0,4.1,4.1,"Jubilee Hills, Hyderabad",Pro - Get 15% off,332,NO
90042,Cafe 555 & Aqeeq Restaurant,"Hyderabadi, Chinese, Biryani",4.0,4.3,4.2,"Masab Tank, Hyderabad",,113.2K,NO
18664304,Turkish Central,"Turkish, Lebanese",3.5,3.9,3.7,"Nampally, Hyderabad",,11.2K,NO
93364,Soups N Salads,"Salad, Healthy Food, Continental",4.0,4.0,4.0,"Jubilee Hills, Hyderabad",Pro - Get 25% off,"1,538",NO
19987320,Ever Green Family-Dine In,"North Indian, South Indian, Chinese, Biryani",4.0,,4.0,"Moosapet, Hyderabad",,183,NO
19185510,Burger King,"Burger, Fast Food, Beverages",4.1,3.9,4.0,"Panjagutta, Hyderabad",,"2,987",NO
94244,New Grand Restaurant & Bakery,"Chinese, North Indian, Biryani, Bakery, Beverages, Street Food, Desserts",3.9,3.8,3.9,"Begum Bazaar, Hyderabad",,"2,281",NO
19981275,Central Biryani Zone,"Biryani, North Indian, Chinese",3.9,3.2,3.6,"Nagole, Hyderabad",,"1,336",NO
18635417,Balapur Bawarchi Restaurant,"North Indian, Chinese, Biryani",4.0,3.8,3.9,"Meerpet, Hyderabad",,"5,427",NO
19552531,Star Kitchen,"Chinese, Fast Food",4.0,,4.0,"Chandrasekharpur, Bhubaneshwar",,62,NO
19407791,Hotel Surprise,"North Indian, Chinese, Mughlai, Fast Food, Biryani",4.1,,4.1,"Unit 4, Bhubaneshwar",,154,NO
2901233,WOW! Momo,"Momos, Fast Food, Tibetan",4.4,3.6,4.0,"Kharabela Nagar, Bhubaneshwar",,"3,810",NO
2901243,The Fork,"Chinese, Thai, Continental",3.7,4.1,3.9,"Bhimatangi, Bhubaneshwar",,"2,036",NO
20173660,Chai Sutta Bar,"Cafe, Fast Food, Beverages, Sandwich, Burger, Shake",3.8,3.1,3.5,"Sahid Nagar, Bhubaneshwar",,29,NO
18761066,Hot Chilli Fast Food,"North Indian, Chinese, Mughlai, Seafood, Fast Food",3.6,3.7,3.7,"Patia, Bhubaneshwar",,38.2K,NO
18785111,Rice Bowl,"North Indian, Chinese, Continental, Mughlai, Seafood, Beverages",4.0,3.3,3.7,"Ashok Nagar, Bhubaneshwar",,"1,475",NO
2900578,Foods Day,"Biryani, Fast Food, Rolls, Chinese",4.1,4.2,4.2,"Sahid Nagar, Bhubaneshwar",,"3,033",NO
19614712,Amrut Food Palace,"North Indian, Chinese, Fast Food, Rolls",4.0,3.0,3.5,"Sahid Nagar, Bhubaneshwar",,580,NO
18336901,Biggies Burger,"Fast Food, Burger, Beverages",4.1,4.5,4.3,"Baramunda, Bhubaneshwar",,"9,075",NO
2901166,Echoes,"Finger Food, Chinese, Fast Food, North Indian, Oriental, Beverages",4.2,3.8,4.0,"Patia, Bhubaneshwar",Pro - Get 20% off,563,NO
2901378,Barbecue Odisha,"North Indian, Chinese, BBQ, Biryani",3.9,3.6,3.8,"Chandrasekharpur, Bhubaneshwar",Pro - Get 20% off,"2,701",NO
20025712,Pathsala Cafe & Restro,"Chinese, Desserts, Fast Food, North Indian, Beverages",4.0,3.4,3.7,"Khandagiri, Bhubaneshwar",,30,NO
19979217,"The Aromas, Multi Cuisine Restaurant","Mughlai, North Indian, Chinese, Rolls",3.8,3.5,3.7,"Jagmohan Nagar, Bhubaneshwar",,162,NO
19062524,Sigree,North Indian,4.0,4.0,4.0,"Rasulgarh, Bhubaneshwar",,713,NO
20071526,Ice - Indian Chicken Express,"Fast Food, Beverages",4.0,,4.0,"Jagmohan Nagar, Bhubaneshwar",,52,NO
19727314,Hotel Maa Tara Tarini,"North Indian, Seafood",3.8,,3.8,"Rasulgarh, Bhubaneshwar",,462,NO
19961905,Mughlai Munchies,"North Indian, Mughlai, Chinese",3.8,3.7,3.8,"Jayadev Vihar, Bhubaneshwar",,506,NO
19432252,Zingiber,"South Indian, Chettinad, Fast Food, Desserts, Beverages, Bakery",4.2,3.4,3.8,"Nayapalli, Bhubaneshwar",,330,NO
19313590,Kolkata Bhoj,"North Indian, Bengali, Mughlai, Biryani, Chinese",3.9,3.9,3.9,"Patia, Bhubaneshwar",,869,NO
19724575,Sai Krishna Sweets (A South Indian Restaurant),"South Indian, Street Food, Chinese, Mithai",3.7,,3.7,"Nayapalli, Bhubaneshwar",,88,NO
18867705,Ama Odisha Hotel,"North Indian, Odia",3.9,,3.9,"Rasulgarh, Bhubaneshwar",,"2,177",NO
19683048,The Lassi Corner,"Beverages, Ice Cream, Sandwich, Burger, Wraps, Fast Food, Shake, Cafe",4.1,3.9,4.0,"Kalinga Nagar, Bhubaneshwar",,407,NO
2900640,Chai Break,"North Indian, Sandwich, Biryani, Italian, Chinese, Desserts, Beverages, Tea",4.4,4.4,4.4,"Patia, Bhubaneshwar",,"3,148",NO
2901669,Kruti Coffee,"Cafe, Continental, Italian, Beverages",4.2,4.3,4.3,"Patia, Bhubaneshwar",,"4,285",NO
18945393,All Dough Bakers,"Cafe, Fast Food, Pizza, Beverages",4.1,4.1,4.1,"Jatni, Bhubaneshwar",,11K,NO
20104064,Starbucks Coffee,"Cafe, Beverages, Fast Food, Desserts",4.3,3.0,3.7,"Rasulgarh, Bhubaneshwar",,426,NO
2900518,BrewBakes 7 Sky,"Cafe, Beverages, Salad, Fast Food, Italian, Sandwich, Pizza, Desserts",3.5,3.8,3.7,"Jagmohan Nagar, Bhubaneshwar",Pro - Get 25% off,"3,222",NO
18775062,Cinnabon,"Cafe, Coffee, Beverages, Desserts",4.5,4.0,4.3,"Rasulgarh, Bhubaneshwar",,913,NO
2900044,Mamma Mia - Mayfair Lagoon,"Cafe, Bakery, Continental, Beverages",4.5,4.6,4.6,"Mayfair Lagoon, Jayadev Vihar, Bhubaneshwar",,"1,070",NO
19137979,Ride Inn Cafe,"Cafe, North Indian, Chinese, Italian, Desserts, Beverages",,3.6,3.6,"Tibetan Colony, Manali",,19,NO
18706437,Dylan's,Cafe,,4.1,4.1,"Old Manali, Manali",,63,NO
18705352,Cafe 1947,Cafe,,4.2,4.2,"Tibetan Colony, Manali",,351,NO
19143083,Kuber Fast Meals,"Chinese, Fast Food",4.0,3.5,3.8,"Kullu, Manali",,7,NO
18706261,Drifters' Cafe,"Continental, Fast Food, Sandwich",,4.2,4.2,"Old Manali, Manali",,206,NO
18705394,Johnson's Bar Restaurant,North Indian,,4.5,4.5,"Old Manali, Manali",,159,NO
18705350,Cafe Melange,Cafe,,3.7,3.7,"Old Manali, Manali",,24,NO
18705360,River Music Garden Restaurant & German Bakery,"North Indian, Italian, Israeli, Desserts, Chinese, Bakery",,4.2,4.2,"Old Manali, Manali",,44,NO
18705726,Renaissance,"Mexican, Italian, Cafe",,3.9,3.9,"Old Manali, Manali",,21,NO
18705865,Chopsticks,"Chinese, Japanese, Tibetan",,4.1,4.1,"Aleo, Manali",,319,NO
18705391,The Johnson's Cafe,"Cafe, Continental",,4.4,4.4,"Old Manali, Manali",,230,NO
18705311,The Lazy Dog,Cafe,,4.3,4.3,"Old Manali, Manali",,281,NO
18705335,Cafe Moon Dance,Cafe,,3.9,3.9,"Old Manali, Manali",,30,NO
18706268,Southern Souls Cafe And Eatery,South Indian,,3.9,3.9,"Old Manali, Manali",,39,NO
18705867,Mount View's Noodles,"North Indian, Japanese, Italian",,3.9,3.9,"Aleo, Manali",,54,NO
19150386,The Corner House Restaurant,"North Indian, Chinese",3.9,3.9,3.9,"Tibetan Colony, Manali",,30,NO
18706281,Sher-e-Punjab,"North Indian, Mughlai, Chinese, Fast Food, Beverages",,3.5,3.5,"Aleo, Manali",,127,NO
18706264,Cafe Amigos,"Cafe, Fast Food, Chinese, Italian, Momos, Beverages, Salad, Desserts",,3.5,3.5,"Aleo, Manali",,18,NO
18705349,Cafe Evergreen,Cafe,,3.7,3.7,"Old Manali, Manali",,56,NO
18706258,Johnny's Pizza,Italian,4.4,3.7,4.1,"Old Manali, Manali",,91,NO
20178998,Farmhouse Brass Anchor Rest-O-Bar,"North Indian, Chinese, Seafood, Mughlai, Biryani, Fast Food, Desserts",Newly Opened,Newly Opened,3.5,"Borivali West, Mumbai",,55,NO
20189766,Bougain Villa,"Steak, Pizza, Burger, Pasta, Salad, Desserts",Newly Opened,Newly Opened,3.7,"Lower Parel, Mumbai",,20,NO
20197458,Chaayos Chai+Snacks=Relax,"Fast Food, Street Food, Beverages",4.0,3.9,4.0,"Vasai, Mumbai",,13,NO
20185992,Starbucks Coffee,"Bakery, Desserts, Beverages, Fast Food, Coffee",4.1,3.7,3.9,"Matunga East, Mumbai",,22,NO
20169774,Blabber All Day,"Asian, Continental, North Indian, Modern Indian",Newly Opened,Newly Opened,3.5,"Borivali East, Mumbai",,58,NO
20156748,Mastermind Bicycle Cafe,"Italian, Salad, Fast Food, Coffee, Bengali, Desserts, Ice Cream",Newly Opened,Newly Opened,3.5,"Mulund West, Mumbai",,5,NO
20040020,Independence Brewing Company,"American, Cafe, Continental",Newly Opened,Newly Opened,3.6,"Powai, Mumbai",,18,NO
19053257,Messy Adda,"Fast Food, Italian, Street Food, Beverages, Shake",3.4,4.0,3.7,"Matunga East, Mumbai",,780,NO
19470350,WOW! China,"Chinese, Asian, Rolls, Desserts",3.6,3.4,3.5,"Chembur, Mumbai",,981,NO
19230212,Finch BrewCafe,"Continental, North Indian, Beverages",3.9,4.2,4.1,"Powai, Mumbai",Pro - Get 15% off,675,NO
36950,Toto's Garage,"North Indian, Chinese, Continental",,4.1,4.1,"Pali Hill, Bandra West, Mumbai",,"1,071",NO
17759330,Kitty Su - The Lalit Mumbai,Finger Food,,3.9,3.9,"The Lalit Mumbai, Chakala, Mumbai",,813,NO
19544944,Hangout Lounge & Restro Bar,"Mughlai, North Indian, Chinese",3.9,3.9,3.9,"Bhayandar, Mumbai",Pro - Get 20% off,465,NO
19336586,HEX - High Energy Xperience,"North Indian, Italian",,3.8,3.8,"Fun Republic Mall, Veera Desai Area, Mumbai",,75,NO
43845,Road House Bluez,"Chinese, Fast Food, Pizza",,4.3,4.3,"Azad Nagar, Mumbai",,934,NO
16529351,British Brewing Company,"British, Italian, Burger, Continental, European, Pizza, Salad, Beverages",3.9,4.2,4.1,"Inorbit Mall, Vashi, Navi Mumbai",,"2,296",NO
18909233,Barrel Mansion,"Asian, Continental, Italian, Bar Food",,4.0,4.0,"Sahara Star, Vile Parle East, Mumbai",,523,NO
19821066,Toco,"South Indian, Italian",4.0,4.0,4.0,"Andheri Lokhandwala, Andheri West, Mumbai",,175,NO
19556766,Tunak Tunak Tunn,"North Indian, Chinese, Bar Food, Kebab",4.0,4.2,4.1,"Mulund West, Mumbai",Pro - Get 20% off,"1,146",NO
18443616,Matahaari,"Continental, Mediterranean, American, Italian, Chinese, Japanese, Finger Food, Asian",,3.7,3.7,"Atria Mall, Worli, Mumbai",,680,NO
19000002,TBHC,"Cafe, Fast Food, Continental, Pasta, Desserts, Beverages",4.0,4.1,4.1,"Azad Nagar, Mumbai",Pro - Get 25% off,445,NO
18446376,The Friends Bench All Day Cafe,"Cafe, Italian, Continental, Mexican, Desserts, Pizza, Pasta, Burger",3.3,4.2,3.8,"Vile Parle East, Mumbai",,"1,284",NO
19292359,Souffle S'il Vous Plait,"European, Sandwich, Healthy Food, Desserts",4.1,3.9,4.0,"Churchgate, Mumbai",,192,NO
43534,Hungry.Com,"North Indian, Chinese, Biryani",3.7,4.0,3.9,"Mahakali, Mumbai",,25.9K,NO
19631334,Food Inn Royale,"North Indian, Arabian, Mughlai, Maharashtrian, Biryani, Desserts, Shake, Seafood",3.9,4.2,4.1,"Oshiwara, Andheri West, Mumbai",Pro - Get 20% off,"2,725",NO
36291,Ovenfresh,"Italian, Mexican, Mediterranean, Desserts, Fast Food",4.1,4.5,4.3,"Dadar Shivaji Park, Mumbai",,"3,845",NO
18267754,Amar Juice Centre,"Sandwich, South Indian, North Indian, Chinese, Street Food, Fast Food, Desserts, Beverages",3.8,3.4,3.6,"Chakala, Mumbai",,"7,628",NO
18374877,Soda Bottle Opener Wala,"Parsi, North Indian, Rolls, Street Food, Desserts, Beverages",4.0,4.5,4.3,"Viviana Mall, Majiwada, Thane West, Thane",,"4,875",NO
18392712,The Stables - Peninsula Redpine,"North Indian, Continental, Chinese, Desserts, Fast Food",4.3,4.3,4.3,"Peninsula Redpine, Marol, Mumbai",Pro - Get 15% off,"1,833",NO
18417286,Fleur - The Fern Goregaon,"Asian, Continental, North Indian, Shake",4.0,4.4,4.2,"Goregaon East, Mumbai",Pro - Get 15% off,"1,575",NO
20174825, Burger Lounge,"Fast Food, Sandwich, Burger, Wraps, Beverages",Newly Opened,Newly Opened,3.8,"Palarivattom, Kochi",,24,NO
19099847,Fahrenheit 375¬∞,"Bakery, Desserts, North Indian, Mughlai, Pizza, Fast Food, Kerala",3.9,4.0,4.0,"Edappally, Kochi",,"3,204",NO
903034,Exotica-Hotel Excellency,"North Indian, South Indian, Seafood, Biryani, Kerala",4.3,,4.3,"Pallimukku, Kochi",,"1,005",NO
19097829,Zesti Arabia,"Arabian, North Indian, Beverages",4.2,3.5,3.9,"Thopumpady, Kochi",,"5,634",NO
19761300,N M Royal County,"South Indian, Chinese, Biryani, Kerala",4.3,,4.3,"Tripunithura, Kochi",,124,NO
19325160,My Bake,"Bakery, Shake",3.7,3.3,3.5,"Tripunithura, Kochi",,"1,256",NO
900400,Burger Spot,"Fast Food, Burger, Hot dogs, Sandwich, Beverages",4.1,4.2,4.2,"Kalamassery, Kochi",,"3,174",NO
900282,Thakkaaram,"Kerala, Arabian, Desserts, Beverages",4.1,4.0,4.1,"Vyttila, Kochi",,"1,810",NO
19350889,Rochas The Portuguese Grill House,"Portuguese, Italian, Continental",4.0,3.3,3.7,"Kakkanad, Kochi",,241,NO
19665949,Tharavadu Eatery,"Biryani, Fast Food, Pizza",4.0,3.4,3.7,"Kaloor, Kochi",,72,NO
19392782,Rumaan Restaurant,"Chinese, Fast Food, Beverages, Shake",3.9,3.3,3.6,"Kaloor, Kochi",,754,NO
19093192,Sulthan Veedu,"Kerala, South Indian, North Indian, Chinese",3.9,3.5,3.7,"Aluva, Kochi",,"2,752",NO
19867926,Wild Ginger,"South Indian, Chinese, Kerala, Biryani, North Indian, Arabian",3.8,3.5,3.7,"Kolenchery, Kochi",,313,NO
19425056,Swargakozhi,Kerala,3.5,3.4,3.5,"Kaloor, Kochi",,638,NO
903482,Usman's Hotel,"Kerala, South Indian, Chinese, Biryani",3.7,3.7,3.7,"Kalamassery, Kochi",,"2,604",NO
900656,Grand Vattekkad Restaurant,"North Indian, Chinese, Street Food, Andhra, South Indian, Arabian, Beverages, Biryani",3.6,3.6,3.6,"Kakkanad, Kochi",,"5,384",NO
19594913,Hyderabad Kitchen,"Biryani, North Indian, Hyderabadi, Desserts",3.9,3.5,3.7,"Edappally, Kochi",,"1,113",NO
901595,Arippa,"South Indian, North Indian, Chinese",3.6,4.4,4.0,"MG Road, Kochi",,"1,749",NO
901000,Aswin Restaurant,"South Indian, Kerala",3.7,3.5,3.6,"Kakkanad, Kochi",,"5,160",NO
900608,Canosa,"Pizza, Pasta, Italian, Beverages, Tea",3.9,3.9,3.9,"Kakkanad, Kochi",,"4,251",NO
902382,Cusiny,"Cafe, Momos, Arabian, Continental, Beverages, Chinese, Shake",4.0,3.9,4.0,"Aluva, Kochi",,"3,317",NO
19081149,Cafe Street,"Cafe, Arabian, Beverages, Biryani, Shake",3.9,3.6,3.8,"Tripunithura, Kochi",,"1,358",NO
902055,Paputty's Valsa Cafe,"Kerala, South Indian, Chinese",4.0,3.8,3.9,"Kacheripady, Kochi",,"4,344",NO
19353164,Cafe Papaya,"Coffee, Fast Food, Wraps, Pizza, Italian, Beverages",4.1,3.8,4.0,"Panampilly Nagar, Kochi",,382,NO
901355,The LMN,"Cafe, Continental, Burger, Beverages, Sandwich, Waffle",4.0,3.7,3.9,"Tripunithura, Kochi",,"1,176",NO
900524,Cafe 17,"Cafe, Italian, Continental, Sandwich, Beverages, Shake",4.2,4.6,4.4,"Kaloor, Kochi",,"6,376",NO
19107621,"Lila's Kitchen - Port Muziris, A Tribute Portfolio Hotel","Kerala, Continental, Cafe, North Indian, South Indian, Biryani, Asian, Beverages",3.3,3.4,3.4,"Nedumbassery, Kochi",Pro - Get 30% off,73,NO
19364474,Donut Factory,"Beverages, Italian, Pizza, Sandwich, Fast Food, Desserts, Shake, Burger",4.0,3.6,3.8,"Kakkanad, Kochi",,498,NO
95256,Kashi Art Cafe,"Cafe, European, Fast Food, Beverages",4.0,4.5,4.3,"Fort Kochi, Kochi",,"1,439",NO
901159,Westleys Restocafe,"Cafe, Burger, Continental, Fast Food, Beverages",4.0,4.4,4.2,"Palarivattom, Kochi",,"4,183",NO
20183812,Ambur Star Briyani,"Biryani, Chinese",Newly Opened,Newly Opened,3.9,"Chromepet, Chennai",,62,NO
20185122,The High Joint,"Burger, Fast Food, Beverages",4.2,4.0,4.1,"Anna Nagar East, Chennai",,23,NO
19842001,Samy's Spices,"South Indian, Chinese, Biryani",3.7,,3.7,"Chromepet, Chennai",,631,NO
19217070,Lakshmi Restaurant,"North Indian, Chinese, Biryani, Fast Food, Juices, Beverages",3.9,3.4,3.7,"Poonamalle, Chennai",,"1,594",NO
20054519,Shawarma Hut,"Fast Food, Lebanese, Chinese",4.0,,4.0,"Kolathur, Chennai",,143,NO
65759,Doveton Cafe,"South Indian, North Indian, Chinese, Beverages, Shake",3.7,3.8,3.8,"Purasavakkam, Chennai",,375,NO
19835840,Moon Bites,"Fast Food, Lebanese, Chinese",3.9,3.3,3.6,"George Town, Chennai",,207,NO
20007371,Shri Ramanaas,"South Indian, North Indian",4.0,,4.0,"Medavakkam, Chennai",,207,NO
20133978,Kalima's Kerala Kitchen,"Biryani, South Indian, Kerala",Newly Opened,Newly Opened,4.3,"Thousand Lights, Chennai",,170,NO
18812935,SS Aashiq Biryani,"North Indian, Chinese, Biryani, South Indian",3.7,3.9,3.8,"Valasaravakkam, Chennai",,11.8K,NO
19535735,Crazy Ivan Resto Lounge,"North Indian, Chinese, Continental",,4.3,4.3,"Thuraipakkam, Chennai",Pro - Get 30% off,347,NO
66418,Bay 146 - The Savera Hotel,"Continental, European, Chinese, Seafood",,4.1,4.1,"The Savera Hotel, RK Salai (Cathedral Road), Chennai",Pro - Get 15% off,654,NO
18635696,Sherlock's Pub,"Continental, North Indian, Chinese",,3.8,3.8,"Hotel Abu Palace, Egmore, Chennai",,400,NO
19236016,Time Square,"Asian, Continental, North Indian, Beverages",4.0,3.9,4.0,"T. Nagar, Chennai",Pro - Get 20% off,149,NO
19580519,The Living Room,"North Indian, South Indian, Italian, Fast Food",4.2,3.8,4.0,"Anna Nagar East, Chennai",,190,NO
19265826,99 Bar And Grill,"Continental, Chinese",,3.9,3.9,"Adyar, Chennai",Pro - Get 15% off,138,NO
71885,Brownie Heaven,Desserts,4.3,4.9,4.6,"Royapettah, Chennai",Pro - Get 20% off,"3,544",NO
19152434,Meesa Kadai,"Chinese, South Indian, Biryani",3.5,3.7,3.6,"Madipakkam, Chennai",,"4,750",NO
70774,Karaikudi Chettinadu Mess,"South Indian, Chinese, Chettinad, Ice Cream, Beverages",3.5,3.7,3.6,"Chromepet, Chennai",,19.5K,NO
18675749,KoKoMMo,Continental,,4.0,4.0," InterContinental Chennai Mahabalipuram Resort, East Coast Road (ECR), Chennai",,155,NO
19126934,The Chennai Sandwich Shop,"Sandwich, Fast Food, Beverages, Shake, Burger, Pizza",3.3,4.2,3.8,"Ramapuram, Chennai",Pro - Get 25% off,"6,846",NO
71882,V4 Midnight Dhabba,"North Indian, Mughlai, Chinese, Andhra, Biryani, Beverages",4.0,4.3,4.2,"Ambattur, Chennai",,16.9K,NO
19208578,Lassi Shop,"Ice Cream, Desserts, Beverages",4.0,3.5,3.8,"Medavakkam, Chennai",,"1,565",NO
19227404,AB's - Absolute Barbecues,"North Indian, BBQ, Salad, Desserts",3.3,4.4,3.9,"Chromepet, Chennai",,"1,569",NO
19590500,WOW! China,"Chinese, Asian",3.8,3.4,3.6,"Kodambakkam, Chennai",,755,NO
19203613,Chai Waale,"Tea, Street Food, Sandwich, Beverages, Fast Food",4.2,3.9,4.1,"Kilpauk, Chennai",,"1,737",NO
19202924,Blend Cafe,"Cafe, Fast Food, Sandwich, Pasta, Burger, Desserts, Beverages",4.0,3.6,3.8,"Thiruvallur, Chennai",,777,NO
19175241,MKC - Madras Kitchen Company,"Cafe, Asian, North Indian, Desserts, Beverages",3.7,4.5,4.1,"The Westin Chennai, Velachery, Chennai",Pro - Get 20% off,484,NO
18397598,Surf Turf,"Italian, Cafe, Continental, South Indian",,4.1,4.1,"Kovalam, Chennai",,406,NO
18600216,Atte - Glocal Cafe,"Cafe, Beverages, Fast Food",3.6,4.2,3.9,"Besant Nagar, Chennai",Pro - Get 25% off,479,NO
20024060,Limone Lounge,"North Indian, Mughlai, Chinese, Salad, Pizza, Pasta, Fast Food, Beverages",3.8,3.7,3.8,"Mahanagar, Lucknow",Pro - Get 25% off,116,Featured
20173938,Butter Story ,"Tea, Coffee, Cafe, Shake, Salad",4.3,3.0,3.7,"Aliganj, Lucknow",,25,NO
18923813,WOW! Momo,"Momos, Chinese, Tibetan",4.0,3.6,3.8,"Hazratganj, Lucknow",,"2,658",NO
19815207,Bilmil Food Court & Bakery,"North Indian, Chinese, Italian, South Indian",3.7,,3.7,"Chowk, Lucknow",,130,NO
801662,Desi Lounge,"North Indian, Mughlai, Chinese",4.2,3.8,4.0,"Gomti Nagar, Lucknow",,930,NO
18684709,Al Baike- Aminabad,"North Indian, Fast Food, Burger, Beverages",4.2,4.0,4.1,"Aminabad, Lucknow",,14.3K,NO
19178249,Fabcafe By Fabindia,"North Indian, Healthy Food, Street Food, Desserts, Shake",3.4,4.0,3.7,"Hazratganj, Lucknow",,477,NO
19834750,Neel Kamal Veg Family Restaurant,"North Indian, South Indian, Chinese, Fast Food",4.2,,4.2,"Aliganj, Lucknow",,95,NO
20137581,Mr. Brown - Danbro,"Cafe, Fast Food, Continental, Desserts, Beverages",4.2,3.7,4.0,"Gomti Nagar, Lucknow",,64,NO
800382,Prakash Ki Mashoor Kulfi,Desserts,4.4,4.7,4.6,"Aminabad, Lucknow",,"2,903",NO
19688977,Distillery,"North Indian, Chinese, Italian, Fast Food, BBQ, Desserts, Beverages, Bar Food",,4.3,4.3,"Gomti Nagar, Lucknow",Pro - Get 15% off,552,NO
18639593,The Flying Saucer Cafe,"Cafe, Italian, Continental, Chinese",3.5,4.2,3.9,"Gomti Nagar, Lucknow",Pro - Get 20% off,"1,559",NO
19965067,Unplugged Courtyard,"North Indian, Continental, Chinese, Desserts, Beverages",,4.0,4.0,"Gomti Nagar, Lucknow",Pro - Get 15% off,206,NO
800767,Punjabi Tadka,North Indian,3.7,3.6,3.7,"Charbagh, Lucknow",,"3,351",NO
20071190,Ghar Jaisa 9.0,"Chinese, North Indian, South Indian, Fast Food, Beverages",4.0,,4.0,"Chowk, Lucknow",,88,NO
19158928,Foodie Nukkad,"North Indian, Chinese, Fast Food, Tea, Sandwich",3.5,4.1,3.8,"Mahanagar, Lucknow",,"1,583",NO
801506,King's Bakery And Fast Foods,"Fast Food, Chinese, Bakery",4.1,3.9,4.0,"Gomti Nagar, Lucknow",,"7,073",NO
800040,Pavitra Bhojanalya - Balaji Ka Dhaba,"North Indian, Chinese, South Indian",3.8,4.1,4.0,"Phoenix United Mall, Alambagh, Lucknow",,15.6K,NO
800125,Raj Luxmi,"South Indian, North Indian, Chinese, Street Food, Beverages",4.0,4.0,4.0,"Charbagh, Lucknow",,"2,381",NO
19833902,DFC,"Sandwich, Fast Food, Beverages, Pasta, Pizza, Continental",4.1,3.7,3.9,"Alambagh, Lucknow",,84,NO
18669408,Yaaron Ka Dhaba,North Indian,3.7,3.9,3.8,"Aashiana, Lucknow",,"3,915",NO
801301,Hotel Lazeez Al Darbar,"Mughlai, Rolls, North Indian",4.1,4.1,4.1,"Chowk, Lucknow",,686,NO
800614,Jai Durgay Ma Vaishnav Bhojanalaya,North Indian,3.9,3.6,3.8,"Husain Ganj, Lucknow",,"3,771",NO
18463764,Sign In Cafe,"North Indian, Chinese, Fast Food, Continental, Beverages, Desserts",3.7,4.2,4.0,"Aliganj, Lucknow",,"7,192",NO
19034729,Cappuccino Blast,"Chinese, Fast Food, North Indian, Pizza, Pasta, Beverages, Desserts, Shake",3.8,3.3,3.6,"Mahanagar, Lucknow",,280,NO
19435547,Pomona Orchard,"Healthy Food, Italian, Continental, Salad, Sandwich, Juices, Beverages, Desserts",4.2,4.4,4.3,"Gomti Nagar, Lucknow",Pro - Get 20% off,816,NO
20110596,Starbucks Coffee,"Cafe, Beverages, Fast Food, Desserts",4.2,2.9,3.6,"Sapru Marg, Lucknow",,131,NO
19046884,The Fresh Factory,"Cafe, Italian, Fast Food, Desserts, Beverages",4.2,3.7,4.0,"Gomti Nagar, Lucknow",,"2,347",NO
801269,Vintage Machine,"Cafe, American, Italian, Lebanese",4.1,4.5,4.3,"Gomti Nagar, Lucknow",,"3,035",NO
18973210,Healthy Panda,"Healthy Food, Italian, Continental, Sandwich, Salad, Cafe, Beverages",4.1,4.2,4.2,"Gomti Nagar, Lucknow",,"1,748",NO
18952262,Shyam Pavitra Bhojnalya,North Indian,3.7,3.7,3.7,"Malviya Nagar, Jaipur",,10.1K,Featured
20189372,Cafe Auberge,"Coffee, Beverages, Pasta, Italian, Chinese, North Indian, Pizza, Desserts",Newly Opened,Newly Opened,3.5,"Civil Lines, Jaipur",Pro - Get 20% off,27,Featured
102799,Hop On,"Continental, Mexican, North Indian, Chinese, Italian, Desserts",,4.4,4.4,"Hotel Las Vegas, Bais Godam, Jaipur",,864,Featured
20159466,The Yellow House - The Robot Restaurant,"North Indian, Fast Food, Chinese, Pizza, Pasta, Desserts, Beverages, Shake",Newly Opened,Newly Opened,3.6,"Shyam Nagar, Jaipur",,36,NO
18652095,Karma Rooftop Lounge,"Bar Food, Fast Food, Chinese, North Indian, Italian, Pizza, Pasta, Beverages",,3.8,3.8,"Blue Bird Hotel, Raja Park, Jaipur",,274,NO
18923376,Sandwich Box,"Cafe, Sandwich, Pizza, Burger, Fast Food, Tea, Beverages, Shake",4.0,3.3,3.7,"Vidhyadhar Nagar, Jaipur",,"1,482",NO
100804,Top 'N Town Ice Cream,"Ice Cream, Beverages, Shake",4.4,3.7,4.1,"Raja Park, Jaipur",,922,NO
20026535,Choudhary Pavitar Bhojnalya,"North Indian, Rajasthani, Beverages",4.0,3.1,3.6,"Durgapura, Jaipur",,67,NO
19835427,Ram Chandra Kulfi Bhandar And Juice centre,"Desserts, Juices, Beverages",4.3,,4.3,"Sikar Road, Jaipur",,97,NO
19094737,Code Black Jaipur,"North Indian, Fast Food, Chinese, Beverages, Italian, Continental, BBQ",4.0,3.8,3.9,"Malviya Nagar, Jaipur",Pro - Get 20% off,120,NO
18566208,Sabjiwalaj Punjabi Tadka,North Indian,3.9,3.7,3.8,"Jhotwara, Jaipur",,"7,044",NO
19326862,Spiced Up,"North Indian, Fast Food, Street Food, Beverages",4.0,3.7,3.9,"Bais Godam, Jaipur",,831,NO
19834376,LUX Club,"Salad, Continental, Pasta, North Indian, Beverages, Finger Food",,3.6,3.6,"C Scheme, Jaipur",Pro - Get 15% off,80,NO
19296071,Ranglaar,"Chinese, North Indian, Beverages, Fast Food, Desserts",,3.9,3.9,"Sodala, Jaipur",Pro - Get 15% off,222,NO
20070069,Macaco Brewpub,"Chinese, Continental, Fast Food, Italian, North Indian, Bar Food, Beverages",,3.8,3.8,"Malviya Nagar, Jaipur",,167,NO
18558430,Ten 11 Lounge & Bar,"Asian, North Indian, Beverages",,4.0,4.0,"Gold Souk Building, Malviya Nagar, Jaipur",,650,NO
19694963,Revel,"Continental, European, Italian, North Indian, Beverages, Bar Food, Chinese, Mexican",,4.1,4.1,"Lemon Tree Premier, Bani Park, Jaipur",Pro - Get 10% off,196,NO
18922348,Retreat,"North Indian, Chinese, Mexican, Fast Food, Beverages",3.9,4.1,4.0,"C Scheme, Jaipur",Pro - Get 20% off,"1,286",NO
101834,Blackout Club & Terrace,"North Indian, Italian, Continental, Finger Food",,4.2,4.2,"C Scheme, Jaipur",Pro - Get 20% off,"2,408",NO
18892581,Playboy Club,"Finger Food, Continental, Asian, North Indian, Mexican, Italian",,4.2,4.2,"C Scheme, Jaipur",,850,NO
100305,The Forresta Kitchen & Bar,"North Indian, Italian, Mughlai, Fast Food, Chinese, Desserts, Beverages, Finger Food",4.0,4.2,4.1,"Devraj Niwas, Bani Park, Jaipur",,"1,727",NO
19968702,A Cup Of Joy,"Fast Food, Beverages",3.9,3.1,3.5,"Pratap Nagar, Jaipur",,80,NO
19512364,The Real Rajputana Taste,North Indian,4.3,4.2,4.3,"Tonk Road, Jaipur",,801,NO
19821911,Chaisto,"Fast Food, Beverages, Street Food",4.1,3.4,3.8,"Lal Kothi, Jaipur",,214,NO
101243,Khandelwal Dhaba,"North Indian, Fast Food",3.6,3.9,3.8,"Sanganer, Jaipur",,"8,028",NO
20061808,The Night Bird Cafe,"Fast Food, Chinese, Pizza, Street Food, Momos, Shake, Beverages, Pasta",3.7,3.1,3.4,"Jagatpura, Jaipur",,11,NO
19782537,Le Momos,"Momos, Chinese, Pasta",4.0,3.5,3.8,"Mansarovar, Jaipur",,551,NO
19653957,King Dom's Pizza & Burger,"Pizza, Burger, Fast Food, Beverages",4.1,3.5,3.8,"Amer Road, Jaipur",,184,NO
19571344,FPF - Coffee Wale Bhaiya,"Fast Food, Italian, Beverages, Momos",4.3,3.5,3.9,"Chitrakoot, Jaipur",,149,NO
20053252,Vandey's,"Beverages, Chinese, Sandwich, Fast Food",3.9,,3.9,"Pratap Nagar, Jaipur",,60,NO
2300183,Mr Brown,"Fast Food, Sandwich, Bakery, Desserts, Coffee, Beverages",4.0,4.5,4.3,"Mall Road, Kanpur",,"1,277",NO
19365873,Yellow Sapphire Foods,"Fast Food, Chinese, Burger, Rolls",4.2,,4.2,"Kidwai Nagar Market, Kanpur",,279,NO
19169516,Jai Siya Ram,"North Indian, Mughlai",3.9,3.4,3.7,"Kidwai Nagar, Kanpur",,"3,275",NO
2301154,Yash Bhojanalaya,North Indian,3.8,3.7,3.8,"Kakadeo, Kanpur",,"1,286",NO
2304498,Pizza Yum,"Pizza, Fast Food, Street Food, Desserts",4.0,3.5,3.8,"Swaroop Nagar, Kanpur",,578,NO
19632343,Maa Annapurna Foods,"North Indian, Shake",3.7,3.4,3.6,"Kidwai Nagar Market, Kanpur",,"1,166",NO
19232985,Dominic's Pizza And Fast Food,"Pizza, Fast Food, Chinese, South Indian",3.5,3.8,3.7,"Rai Purwa, Kanpur",Pro - Get 20% off,"5,222",NO
2300251,My Choice Galaxy Restaurant & Bakery,"North Indian, Chinese, South Indian, Fast Food, Bakery",4.1,3.1,3.6,"Keshavpuram, Kanpur",,"1,601",NO
2301415,Bakista,"Bakery, Fast Food, Sandwich, Beverages, Shake",3.9,4.6,4.3,"Kidwai Nagar, Kanpur",,"9,721",NO
19193911,New Bettar Pizza Point,"Pizza, Fast Food, Desserts, Beverages",3.9,3.1,3.5,"IIT Kanpur, Kanpur",,"1,386",NO
18377936,Liquid,"Finger Food, North Indian, Continental, Italian, Mediterranean",3.9,4.1,4.0,"Ashok Nagar, Kanpur",Pro - Get 20% off,654,NO
2300890,Shor - Lounge & Bar,"Chinese, North Indian, Italian, Finger Food",,4.0,4.0,"Swaroop Nagar, Kanpur",Pro - Get 15% off,292,NO
2300606,Skyfall Lounge - Hotel Vijay Intercontinental,North Indian,3.3,3.9,3.6,"Tilak Nagar, Kanpur",Pro - Get 20% off,137,NO
2304633,Kingdom Of Momos,"Momos, Chinese",4.3,3.7,4.0,"Kakadeo, Kanpur",,411,NO
19284309,Pizza Wale 99,"Pizza, Fast Food",4.0,,4.0,"Shyam Nagar, Kanpur",,"1,781",NO
19410174,Pandit Ji Fast Food,"South Indian, Chinese, Fast Food",3.7,,3.7,"Lal Bangla, Kanpur",,873,NO
2300819,Meezzaah,"Fast Food, Pizza, Chinese, Beverages",3.8,3.7,3.8,"Nandlal Chawraha, Kanpur",Pro - Get 25% off,"4,829",NO
2301638,Rigour Fast Food,"Fast Food, Chinese, North Indian, Rolls",4.0,3.5,3.8,"Fazalganj, Kanpur",,"1,645",NO
18694361,Shri Ram Anurag Restaurant,"North Indian, Chinese, Fast Food, Street Food, Beverages",3.9,3.8,3.9,"Swaroop Nagar, Kanpur",,"3,290",NO
19777374,The Yummy Tube,"Beverages, Fast Food",4.1,3.7,3.9,"Saket Nagar, Kanpur",,236,NO
18222646,The Salt - Hotel Vijay Intercontinental,"North Indian, Chinese, Italian, Oriental, Mughlai, Desserts, Beverages",3.7,3.7,3.7,"Tilak Nagar, Kanpur",Pro - Get 20% off,194,NO
2301504,Biryani House Company,"North Indian, Biryani, Mughlai",3.7,3.7,3.7,"Geeta Nagar, Kanpur",,"3,915",NO
2300732,Anantam Restrau,"Chinese, North Indian",3.6,3.9,3.8,"Sharda Nagar, Kanpur",,13.1K,NO
2300979,Mocha,"Fast Food, Salad, Continental, Italian, North Indian, Juices, Desserts, Beverages",4.2,4.7,4.5,"Mall Road, Kanpur",Pro - Get 15% off,"3,136",NO
18379190,Offline Cafe,"Cafe, North Indian, Fast Food, Shake",3.5,4.1,3.8,"Tilak Nagar, Kanpur",Pro - Get 15% off,"2,900",NO
19882655,The Forest Grill - Cafe And Kitchen,"Cafe, Chinese, Fast Food, Mughlai, North Indian, Italian, Beverages, Desserts",3.5,3.7,3.6,"Arya Nagar, Kanpur",Pro - Get 20% off,193,NO
2301172,The Chocolate Room,"Cafe, Desserts, Italian, Mexican, Fast Food, Beverages, Coffee, Bakery",3.9,3.9,3.9,"Swaroop Nagar, Kanpur",Pro - Get 20% off,"9,772",NO
19139586,Bombay Darbar Biryani,"Biryani, North Indian",3.5,4.0,3.8,"Rakhial, Ahmedabad",Pro - Get 20% off,"8,513",NO
20180278,Vadilal Ice Creams,"Ice Cream, Desserts",Newly Opened,Newly Opened,4.0,"Paldi, Ahmedabad",,19,NO
19671842,Das Khaman,"Street Food, Gujarati",3.8,4.2,4.0,"Gota, Ahmedabad",,463,NO
18396236,Choice Snack Bar,"Pizza, Sandwich, Fast Food, Desserts, Street Food, Beverages, Shake",4.1,3.6,3.9,"Prahlad Nagar, Ahmedabad",,"6,593",NO
19240549,Havmor Ice Cream,"Ice Cream, Desserts, Shake, Bakery",4.2,,4.2,"Shahibagh, Ahmedabad",,490,NO
19959428,London Yard Pizza,"Italian, Beverages, Desserts",3.9,3.4,3.7,"Ghatlodia, Ahmedabad",,65,NO
18316049,Spice Affair - Hotel German Palace,"North Indian, Continental, Beverages",3.5,3.9,3.7,"Airport Gandhinagar Highway, Gandhinagar",Pro - Get 20% off,682,NO
18607123,La Pino'z Pizza,"Pizza, Italian, Pasta, Fast Food",4.2,4.3,4.3,"Capstone, Ellisbridge, Ahmedabad",,"9,389",NO
112090,Dadi Sa Restaurant,"North Indian, Chinese, Fast Food, Beverages",3.9,3.9,3.9,"Sector 16, Gandhinagar",,"5,198",NO
113794,Jay Bhavani Vadapav,"Fast Food, Street Food, Sandwich, Pizza, Shake",3.7,3.3,3.5,"Hansol, Ahmedabad",,660,NO
19290125,The Blue Oven,"Fast Food, Italian, Beverages, Desserts",4.1,3.7,3.9,"Infocity, Gandhinagar",,495,NO
20090906,Puffizza,"Pizza, Fast Food",4.0,3.7,3.9,"Sola, Ahmedabad",,22,NO
19823848,Chow Chow Asian Kitchen,"Asian, Chinese, Thai, Shake",4.0,3.9,4.0,"Satellite, Ahmedabad",,372,NO
19723289,SS King,South Indian,4.1,3.1,3.6,"Mani Nagar, Ahmedabad",,210,NO
113198,Tummy Fillers,"Fast Food, Burger, Sandwich, Pizza, Wraps, Beverages, Italian, Mexican",4.0,3.7,3.9,"Ambavadi, Ahmedabad",,"4,794",NO
19904078,Bhullar’s Butter Chicken Co.,"North Indian, Beverages, Shake",4.0,3.1,3.6,"Satellite, Ahmedabad",,155,NO
19713567,Shree Marutinandan Kathiyawadi Restaurant,"Kathiyawadi, Gujarati, Chinese, Continental, Fast Food, Beverages, Rajasthani, North Indian",3.5,,3.5,"Airport Gandhinagar Highway, Gandhinagar",,131,NO
18231913,Silver Leaf,"North Indian, Mughlai, Chinese, Parsi",3.9,3.9,3.9,"Acropolis Mall, Thaltej, Ahmedabad",,"1,126",NO
19418117,Jalaram Parotha House - Townhallwala,"North Indian, Gujarati",3.6,,3.6,"Memnagar, Ahmedabad",,485,NO
18989852,New Freeze Land,"Sandwich, Fast Food, Street Food, North Indian, Chinese, Desserts, Beverages",4.2,3.2,3.7,"Sola, Ahmedabad",,"2,551",NO
19327302,Doner & Gyros,"Cafe, Fast Food, Beverages, Wraps, Middle Eastern",4.2,3.8,4.0,"Airport Gandhinagar Highway, Gandhinagar",,579,NO
113150,The Chocolate Room,"Cafe, Beverages, Fast Food, Desserts, Sandwich, , Waffle",3.9,3.7,3.8,"Satellite, Ahmedabad",Pro - Get 30% off,"1,773",NO
18261013,Kaffee - Mast Hai,"Coffee, Pasta, Burger, Wraps, Pizza, Desserts, Beverages",3.8,4.3,4.1,"Shree Balaji Agora Mall, Chandkheda, Ahmedabad",Pro - Get 20% off,"1,493",NO
18438919,The Dark Roast,"Cafe, Fast Food, Beverages",3.9,4.1,4.0,"Prahlad Nagar, Ahmedabad",,"1,041",NO
19944859,The Kurtosshhh Lounge,"Continental, Fast Food, Cafe, Mediterranean, Shake, Beverages, Bakery",3.6,3.7,3.7,"C G Road, Ahmedabad",,144,NO
112951,Shambhu's Coffee Bar,"Fast Food, North Indian, South Indian, Chinese, Coffee, Sandwich, Desserts, Beverages",3.8,3.2,3.5,"Isanpur, Ahmedabad",,"4,414",NO
19811136,Fyro,"Cafe, Fast Food, Italian, Beverages",3.9,3.6,3.8,"Bopal, Ahmedabad",,65,NO
112291,Soul Square,"Cafe, Italian, Mexican, Continental, Beverages",3.8,4.1,4.0,"Bodakdev, Ahmedabad",Pro - Get 20% off,"1,844",NO
19625810,Fozzie's Pizzaiolo,"Pizza, Pasta, Fast Food, Desserts, Beverages, Continental, Mexican",3.7,4.1,3.9,"Navrangpura, Ahmedabad",Pro - Get 20% off,968,NO
18627705,I Love Sandwich House,"Cafe, Fast Food, Tea, Beverages, Sandwich",4.0,4.1,4.1,"Bodakdev, Ahmedabad",,"2,957",NO
20187100,Independence Brewing Company,"European, Continental",Newly Opened,Newly Opened,3.7,"Kalyani Nagar, Pune",,18,Featured
19960155,Tito's,"Continental, Bar Food, Finger Food",,3.9,3.9,"Pimple Gurav, Pune",Pro - Get 35% off,157,Featured
20005221,The Chickster,"Burger, Wraps, American, Fast Food, Beverages, Desserts",3.9,3.9,3.9,"Koregaon Park, Pune",,213,NO
18865138,Annapurna Tarangan,Maharashtrian,4.1,3.7,3.9,"Parvati, Pune",,"3,335",NO
19370623,Chitale's Ice Cream,"Desserts, Beverages, Ice Cream, Shake",4.4,2.7,3.6,"Sadashiv Peth, Pune",,577,NO
19271250,Thikana - The Lake View,"Bar Food, North Indian, Fast Food, Italian, Street Food, Desserts",,4.1,4.1,"Bhugaon, Pune",Pro - Get 20% off,212,NO
18869156,Vishal Chocolate Toast & Sandwich,"Fast Food, Desserts, Sandwich, Pizza",3.9,3.7,3.8,"Bibvewadi, Pune",,"7,797",NO
6503141,Flavours Street,"Sandwich, Fast Food, Beverages, Shake",4.2,4.3,4.3,"FC Road, Pune",,"6,415",NO
20168455,The LCR Gymkhana,"Continental, Oriental, North Indian",Newly Opened,Newly Opened,3.9,"Law College Road, Pune",,48,NO
19639453,The Momo House,"Momos, Beverages",3.9,3.8,3.9,"Kothrud, Pune",,344,NO
20122025,La Pino'z Pizza,"Italian, Pizza",3.5,3.7,3.6,"Salunkhe Vihar Road, Pune",,35,NO
19960393,"Laddish Cafe - Food, Music & Liquid Station","Momos, North Indian, Fast Food",3.6,3.8,3.7,"Bhugaon, Pune",,67,NO
19332714,Char Bar,"Finger Food, North Indian, Chinese, Continental",3.9,4.0,4.0,"Wakad, Pune",,152,NO
13251,Evviva Sky Lounge - Crowne Plaza Pune City Centre,"Asian, Mughlai, Continental",,4.2,4.2,"Crowne Plaza Pune City Centre, Bund Garden Road, Pune",,767,NO
18602986,Publiq,"Bar Food, Asian, North Indian",4.0,4.1,4.1,"Koregaon Park, Pune",Pro - Get 25% off,"1,657",NO
19914467,Helium,"Oriental, Continental, North Indian",,3.8,3.8,"Yerawada, Pune",Pro - Get 20% off,98,NO
19279376,Ice N Fire Sky Lounge,"Finger Food, Continental, North Indian",4.0,4.3,4.2,"Baner, Pune",Pro - Get 20% off,"1,132",NO
18719462,The Deccan Bid Capital,"Asian, Continental, North Indian, Bar Food",3.3,4.4,3.9,"Shivaji Nagar, Pune",,"3,348",NO
6503424,Atmosphere 6,"North Indian, Continental, Chinese",4.1,4.1,4.1,"Sky Max Mall, Viman Nagar, Pune",Pro - Get 15% off,"3,624",NO
6505974,Ecstasy Bar And Eatery,"North Indian, Chinese, Continental, Fast Food, Beverages, Desserts",3.7,4.0,3.9,"Kothrud, Pune",,"1,502",NO
19575172,Bedi's Naan & Paratha House,North Indian,3.8,3.4,3.6,"Baner, Pune",,653,NO
6507525,Malhar Khanaval,"Maharashtrian, North Indian, Mughlai, Malwani, Biryani",3.7,3.8,3.8,"JM Road, Pune",,12.4K,NO
11371,Chili's American Grill & Bar,"American, Mexican, Tex-Mex, Salad, Desserts",3.9,4.6,4.3,"Phoenix Market City, Viman Nagar, Pune",Pro - Get 15% off,"7,357",NO
6506464,PK Biryani House,"Biryani, North Indian, Mughlai, Maharashtrian",4.0,4.1,4.1,"Karve Nagar, Pune",,"5,594",NO
18664424,360 Degree - The Revolving Fine Dine Restaurant,"North Indian, Continental, Chinese, Mughlai, Desserts, Shake, Bar Food",,4.1,4.1,"Bhosale-Shinde Arcade, JM Road, Pune",,"1,178",NO
19543392,Lockdown Cafe & Bistro,"Cafe, Chinese, Continental, Lebanese, North Indian, Beverages, Fast Food, Shake",3.9,3.5,3.7,"Bavdhan, Pune",,190,NO
18597704,Masakha - Seafood Resto & Bar,"North Indian, Seafood, Chinese, Asian, Mughlai",3.7,4.2,4.0,"Narhe, Pune",,"1,878",NO
11524,Durvankur,Maharashtrian,,4.3,4.3,"Sadashiv Peth, Pune",,"1,495",NO
18676755,Dhaba - Estd 1986 Delhi,"Mughlai, Biryani, North Indian",4.0,4.4,4.2,"The Pavillion, Senapati Bapat Road, Pune",,"2,604",NO
19499110,The Doner Company,"Lebanese, Wraps, Sandwich, Rolls, Beverages",3.8,3.7,3.8,"Salunkhe Vihar Road, Pune",,"1,290",NO
19037638,Shree Khodiyar Kathiyawadi Dhaba,"Gujarati, North Indian",3.8,3.5,3.7,"Katargam, Surat",,"2,521",NO
19956260,Tea Post,"Coffee, Fast Food, Beverages, Tea, Shake, Sandwich",3.7,3.5,3.6,"Sarthana, Surat",,101,NO
19184161,Taste Of Kolkata Rolls,"Fast Food, Rolls",4.0,3.8,3.9,"New Textile Market, Surat",,"2,257",NO
18976151,Amdavadi Tawa Fry,"North Indian, Mughlai",3.9,3.6,3.8,"Piplod, Surat",,"3,744",NO
18997671,Bhavnagar Ice Dish Gola - Doctor House,"Ice Cream, Desserts, Beverages, Shake",3.9,3.4,3.7,"Varachha, Surat",,658,NO
19056190,Lukmaa,"North Indian, Chinese, Mughlai, Biryani",3.8,3.4,3.6,"Adajan Patiya, Surat",,"3,898",NO
19220634,Famous Frankie,"Rolls, Fast Food",4.1,,4.1,"Adajan Gam, Surat",,351,NO
19265860,China Town Chinese Food,"Chinese, Street Food",3.9,,3.9,"City Light, Surat",,"2,447",NO
3800693,Cake It Out,"Bakery, Desserts",4.3,4.2,4.3,"Adajan Gam, Surat",,"2,702",NO
19197857,Farm To Table Cafe & Restro Lounge,"North Indian, Chinese, Seafood, Fast Food, Beverages",3.6,3.4,3.5,"Dumas, Surat",,98,NO
19179030,Mahesh Pav Bhaji,"South Indian, Street Food, Chinese, Fast Food",3.8,3.2,3.5,"Umarwada, Surat",,"1,267",NO
19213246,Chinese Point,"Fast Food, Chinese",3.4,3.5,3.5,"Nanpura, Surat",,"1,605",NO
18609709,The Food Club,North Indian,3.8,4.0,3.9,"Adajan Gam, Surat",,"1,064",NO
20106904,Greenees Fast Food,"Fast Food, Pizza, Sandwich, South Indian, Beverages",4.0,3.6,3.8,"Vesu, Surat",,62,NO
19116753,Famous Vadapav,"Fast Food, Street Food",4.4,3.2,3.8,"Kamrej, Surat",,769,NO
19093824,Zhingalala,"North Indian, Gujarati, Chinese",3.5,4.0,3.8,"Piplod, Surat",Pro - Get 15% off,391,NO
20166212,La Pino'z Pizza,"Pizza, Fast Food, Italian, Beverages",4.2,3.6,3.9,"Athwa, Surat",,39,NO
18493645,Nareshbhai Bhelwala,"Sandwich, Street Food, Chinese, Fast Food",4.1,3.7,3.9,"Gopipura, Surat",,"6,937",NO
18551944,Coffee King Cafe & Restaurant,"Cafe, Coffee, Desserts, Fast Food, Beverages",4.3,4.5,4.4,"Vesu, Surat",Pro - Get 15% off,"3,932",NO
18744480,Mustak Amdawadi Tawa Fry,"North Indian, Mughlai, Chinese, Street Food",3.6,4.2,3.9,"Vesu, Surat",,"1,035",NO
19828413,Coffee Culture - The Ristorante Lounge,"Cafe, Continental",3.8,3.2,3.5,"Katargam, Surat",,174,NO
18698239,Cream 'N' Crust Café,"Cafe, Bakery, Fast Food, Desserts, Ice Cream",4.1,4.2,4.2,"Vesu, Surat",,"1,239",NO
19161577,Shakti - The Sandwich Shop,"Sandwich, Fast Food, Beverages, Shake",3.9,3.5,3.7,"Katargam, Surat",,823,NO
19408252,The Gallery,"North Indian, Continental, Fast Food, Beverages, Salad",4.0,3.1,3.6,"Dumas, Surat",,82,NO
19733467,Shreeji Kathiyawadi Restaurant,"Gujarati, North Indian",4.0,,4.0,"Katargam, Surat",,336,NO
19267908,The Bungalow Cafe,"Cafe, Fast Food, Pizza, Beverages",,3.5,3.5,"Vesu, Surat",,72,NO
18770341,Kinaara - The Cafe,"Cafe, Fast Food, Chinese, Italian, Shake, Coffee, Pizza, Sandwich",3.5,3.9,3.7,"Piplod, Surat",,682,NO
19175875,Starbucks Coffee,"Cafe, Beverages, Fast Food, Desserts",4.1,4.1,4.1,"City Light, Surat",,"1,398",NO
18595536,The Chocolate Room,"Ice Cream, Fast Food, Chinese, Mexican, Desserts, Beverages, Coffee, Waffle",3.5,3.3,3.4,"Vesu, Surat",,488,NO
3800437,The Hog Spot Café,"Continental, Mexican, Pizza, Beverages",3.8,4.5,4.2,"Athwa, Surat",,"1,084",NO
123151,The Brewmaster - Arista Hotel,"North Indian, Continental, Chinese",3.4,3.9,3.7,"Arista Hotel, Kharar Road, Mohali",,499,Featured
20157239,Pink Wasabi,"Japanese, Asian, Desserts",Newly Opened,Newly Opened,3.5,"Elante Mall, Chandigarh Industrial Area, Chandigarh",,77,Featured
20198656,SHANGZ,"Chinese, Fast Food, Thai, Asian, Beverages, Salad, Healthy Food, Momos",3.9,3.5,3.7,"Phase 3, Mohali",,11,NO
18670833,Guru Pure Vegetarian Dhaba,"North Indian, Chinese, Beverages",3.9,4.1,4.0,"Phase 3, Mohali",,28.8K,NO
19121210,Fun Bytes,"Burger, Wraps, Fast Food, Sandwich, Beverages, Pizza, Shake",4.2,3.9,4.1,"Kharar Road, Mohali",,"4,987",NO
20157747,Zsa Zsa Burger ,"Burger, Fast Food",Newly Opened,Newly Opened,4.0,"Sector 8, Chandigarh",,24,NO
120745,Haramrit Vaishno Dhaba,"North Indian, Street Food, Chinese",4.0,4.2,4.1,"Phase 3B2 Market, Phase 3, Mohali",,23.3K,NO
20007150,KK Vaishno Dhaba,"North Indian, Chinese",4.1,,4.1,"Sector 70, Mohali",,61,NO
122910,Samosa Junction,"Sandwich, Burger, Fast Food, Chinese, Beverages, Shake",4.2,3.9,4.1,"Phase 10, Mohali",,"8,375",NO
20155219,Bowl Wala,"Chinese, Asian, Desserts, Beverages",Newly Opened,Newly Opened,4.3,"Sector 8, Chandigarh",,115,NO
18764015,Qizo,"Chinese, Pizza, Italian, North Indian, Finger Food",3.5,4.2,3.9,"Sector 26, Chandigarh",Pro - Get 20% off,"1,186",NO
19271898,Prankster,"Fast Food, North Indian, Desserts, Beverages, Asian, Street Food",3.9,4.2,4.1,"Sector 26, Chandigarh",Pro - Get 15% off,928,NO
18247044,The Great Bear,"North Indian, Italian, Continental, Biryani, Pizza, Desserts",,4.7,4.7,"Sector 26, Chandigarh",,"2,214",NO
19202636,The Finch,"North Indian, Italian, Biryani, Chinese, Continental, Mughlai, Finger Food",4.2,4.3,4.3,"Sector 26, Chandigarh",Pro - Get 20% off,507,NO
19094714,Raj Kumar Prantha Wala,North Indian,4.0,3.1,3.6,"Dhakoli, Zirakpur",,320,NO
19580491,Domnics Pizza,"Pizza, Fast Food, Beverages",3.9,3.5,3.7,"Kharar Road, Mohali",,"1,034",NO
20149194,Burger Singh - Big Punjabi Burgers,"Burger, Fast Food, Beverages",3.9,4.3,4.1,"Elante Mall, Chandigarh Industrial Area, Chandigarh",,568,NO
19668902,AJA Honestly Good Food,"Cafe, Asian, Pizza, Salad, Mexican, Burger, Juices, Coffee",4.2,3.0,3.6,"Sector 5, Panchkula",,357,NO
19677739,Pizza's Point,"Pizza, Fast Food",4.0,3.8,3.9,"Kharar Road, Mohali",,570,NO
18819666,Amritsari Food Platter,"North Indian, Chinese, Fast Food, Shake, Beverages",4.0,3.5,3.8,"Kharar Road, Mohali",,"8,157",NO
121602,Kathmandu Chinese Fast Food,"Chinese, Fast Food, Pasta",3.8,4.1,4.0,"Sector 15, Chandigarh",,25.3K,NO
120014,Barbeque Nation,"North Indian, Chinese, Ice Cream, Desserts, Beverages",4.0,4.9,4.5,"Sector 26, Chandigarh",,"3,500",NO
123794,Chandigarh Rasoi,"North Indian, Chinese, Fast Food",4.0,3.7,3.9,"Sector 46, Chandigarh",,"9,902",NO
122250,Awadh,"North Indian, Mughlai, Biryani, Kebab, Desserts",3.8,3.8,3.8,"Kharar Road, Mohali",,"9,032",NO
19637409,Chaishq Cafe,"Fast Food, Street Food, Tea, Beverages",4.2,3.5,3.9,"Kharar Road, Mohali",,361,NO
19058063,Bistro 1427,"Cafe, North Indian, Chinese, Fast Food, Asian, Desserts, Pizza, Shake",3.7,4.4,4.1,"Sector 5, Panchkula",,"1,433",NO
19370231,Caffe Tonino,"Italian, Continental, Beverages",4.0,3.9,4.0,"Sector 8, Chandigarh",,169,NO
122301,Midpoint Cafe,"Cafe, Sandwich, Pizza, Burger, Pasta, Continental, Fast Food, Beverages",4.2,4.4,4.3,"Sector 21, Chandigarh",,13.3K,NO
121765,Scola,"Coffee, Healthy Food, Mexican, Italian, Seafood, Pizza, Beverages",4.0,4.4,4.2,"Sector 7, Chandigarh",Pro - Get 20% off,"1,101",NO
120219,OvenFresh,"Cafe, Fast Food, Pizza, American, Desserts, Bakery, Beverages, Shake",,4.6,4.6,"Sector 35, Chandigarh",,"1,742",NO
19427135,Shore Front Resort,"Biryani, North Indian, Mughlai, Chinese, Andhra, Beverages",4.1,3.8,4.0,"Rushikonda, Vizag",Pro - Get 20% off,303,Featured
19287072,Viyyalavaari Vindu,"South Indian, Biryani, Chinese, North Indian, Bihari",3.9,3.5,3.7,"Gajuwaka, Vizag",,"4,678",NO
18745601,Visakha Bhunia Fast Food Restaurant,"Biryani, Chinese, Fast Food",4.0,4.0,4.0,"Maddilapalem, Vizag",,"5,843",NO
2801159,Celebrations Restaurant,"Biryani, North Indian, Andhra, Chinese, Beverages, Shake, Ice Cream, Kebab",4.1,4.1,4.1,"Pendurthi, Vizag",,585,NO
2800838,Cake Walk Bakery,"Bakery, Pizza, Chinese, Desserts, Shake",4.1,3.8,4.0,"Gopalapatnam, Vizag",Pro - Get 20% off,10.5K,NO
19552356,Foodies Dine,"Biryani, North Indian, Chinese, Desserts, Mughlai, Seafood, Shake",4.0,3.6,3.8,"Dwaraka Nagar, Vizag",,574,NO
19232486,Arabian Spices,"Biryani, Mughlai, North Indian, Chinese",3.6,3.4,3.5,"Madhurawada, Vizag",Pro - Get 20% off,"4,016",NO
19704591,72 Biryanis,"Chinese, Biryani, Andhra, North Indian, Kebab",4.1,3.4,3.8,"Madhavadhara, Vizag",,734,NO
19631652,Charminar Chowrasta,"Chinese, Fast Food, North Indian, Biryani, Desserts, Shake",3.3,3.7,3.5,"Madhurawada, Vizag",Pro - Get 20% off,"1,486",NO
19557511,Lucky Tiffins,South Indian,4.1,,4.1,"MVP Colony, Vizag",,831,NO
18757190,Aadaab Restaurant,"Biryani, North Indian, Chinese, South Indian",3.8,4.0,3.9,"Nad Junction, Vizag",,12K,NO
2801682,Somaa Restobar,"Biryani, Andhra, Chinese, Continental, Hyderabadi, Beverages, North Indian, Kebab",4.0,4.0,4.0,"Asilmetta, Vizag",,"1,881",NO
2801131,Kava - Fairfield By Marriott,"Continental, North Indian, Oriental, Desserts",3.5,4.1,3.8,"Marripalem, Vizag",Pro - Get 20% off,614,NO
19975050,The Red Box,"Chinese, Momos, Thai, Asian",3.9,3.1,3.5,"Madhurawada, Vizag",,963,NO
19842024,The Executive Kitchen,"Biryani, Chinese, North Indian, Pizza, Burger, Fast Food, Roast Chicken, South Indian",3.8,3.6,3.7,"Nad Junction, Vizag",,301,NO
19143806,New Manikanta Parlour,South Indian,4.3,3.5,3.9,"Anakapalle Locality, Visakhapatnam",,"3,011",NO
18924494,Babji Noodles Point,"Chinese, Rolls",3.5,4.2,3.9,"MVP Colony, Vizag",,"9,580",NO
19866324,Shawarminos,"North Indian, Chinese, Biryani, Kebab, BBQ",4.1,3.5,3.8,"Kurmannapalem, Vizag",,138,NO
19794072,Seven Spices,"Biryani, Chinese, North Indian, Fast Food",3.9,3.3,3.6,"Nad Junction, Vizag",Pro - Get 20% off,826,NO
2800398,Real Deepak Punjabi Dhaba,"North Indian, Biryani, Chinese",4.0,4.0,4.0,"Ram Nagar, Vizag",,"8,361",NO
19075838,The Port Hotel,"Chinese, North Indian, Biryani",4.2,4.0,4.1,"Allipuram, Vizag",,366,NO
2801630,Creme Shakes,"Shake, Desserts, Beverages",4.3,3.9,4.1,"Nad Junction, Vizag",Pro - Get 25% off,"4,883",NO
19246356,Siva Rama Parlour,South Indian,3.7,,3.7,"Nad Junction, Vizag",,"1,655",NO
2801153,Gluttons Garage,"Cafe, Healthy Food, Continental, Shake",3.6,3.9,3.8,"Kirlampudi Layout, Vizag",,"3,050",NO
18512384,Brew 'n' Bistro,"Italian, Pizza, Burger, Continental, Shake",3.8,3.8,3.8,"Lawsons Bay, Vizag",,"1,427",NO
2801429,Happyoi,"Cafe, Fast Food, Chinese, Beverages",4.2,4.1,4.2,"Vishalaksmi Nagar, Vizag",,"2,962",NO
19115226,Gypsy Resto Cafe,"Cafe, Continental, North Indian, Italian, Chinese, Fast Food, Beverages",4.2,3.9,4.1,"Sagar Nagar, Vizag",,685,NO
19547867,Cafe Coastal,"South Indian, North Indian, Chinese, Beverages",3.9,3.8,3.9,"Balayya Sastri Layout, Vizag",,634,NO
